"","nobs","sigma","logLik","AIC","BIC","REMLcrit","df.residual"
"1",24,1.65568905773142,-36.238778080765,92.47755616153,104.258094465009,72.47755616153,14
