"","nobs","sigma","logLik","AIC","BIC","REMLcrit","df.residual"
"1",24,6.06415771333875,-56.2149525378234,132.429905075647,144.210443379126,112.429905075647,14
